% Model,EXAMPLE003 - Obs Gen.mph
% Version,COMSOL 5.3.0.223
% Date,"Oct 17 2018, 11:54"
% Dimension,1
% Nodes,6
% Expressions,1
% Description,Point graph
% X,Height
0,-10.297611386675953
5,-5.696381669144768
10,-2.4977476779012298
0,-10.289751598805076
5,-6.401021324784595
10,-3.254864700685256
