% Model,EXAMPLE003 - Obs Gen.mph
% Version,COMSOL 5.3.0.223
% Date,"Oct 17 2018, 11:53"
% Dimension,1
% Nodes,6
% Expressions,1
% Description,Point graph
% X,Height
0,12.358332888370072
5,14.229470455730198
10,14.737382028845003
0,12.375684346518812
5,13.801988383060682
10,14.411474837014548
