% Model,EXAMPLE003 - Obs Gen.mph
% Version,COMSOL 5.3.0.223
% Date,"Oct 17 2018, 11:54"
% Dimension,1
% Nodes,6
% Expressions,1
% Description,Point graph
% X,Height
0,-4.287455417612517E-9
5,0.05900045590911563
10,0.052675150377142654
0,2.960802461173791E-14
5,0.03700559582898405
10,0.045656288468285636
