Iteration,k value,Q value,k sensitivity,Q sensitivity
1,0.1,100,0.684544,0.778891
2,3.72E-02,300,4.59549,5.33751
3,4.06E-02,900,13.4636,15.201
4,4.73E-02,940.024,12.603,14.0437
5,4.98E-02,997.846,12.8855,14.317
6,5.00E-02,999.603,11.0299,14.2886
7,5.00E-02,999.933,11.0336,14.2899
